Area,School,Course
area_1,school_99,course_90
area_2,school_32,course_20
area_3,school_64,course_38
area_1,school_231,course_9 course_40 course_100
area_3,school_147,course_57 course_77 course_28
area_2,school_5,course_31 course_88
area_2,school_92,course_98
area_2,school_38,course_26 course_31
area_4,school_160,course_12 course_45 course_37
area_2,school_294,course_63 course_28 course_17
area_2,school_62,course_26 course_51 course_16
area_2,school_135,course_37
area_2,school_291,course_3 course_29 course_26
area_3,school_46,course_35
area_1,school_289,course_56 course_71
area_3,school_30,course_15
area_4,school_23,course_51 course_20
area_3,school_80,course_42 course_80 course_67
area_1,school_248,course_54 course_95
area_4,school_132,course_79 course_18 course_77
area_2,school_21,course_23
area_2,school_92,course_62
area_3,school_11,course_63 course_88 course_11
area_1,school_183,course_3 course_17 course_76
area_2,school_166,course_10
area_4,school_178,course_93 course_26
area_4,school_65,course_87 course_42 course_67
area_3,school_332,course_97 course_22
area_1,school_248,course_32 course_72 course_22
area_3,school_245,course_90 course_82 course_59
area_3,school_211,course_87 course_18
area_4,school_276,course_88 course_10 course_69
area_2,school_139,course_37 course_78 course_31
area_4,school_132,course_44 course_3
area_2,school_341,course_81
area_4,school_325,course_88
area_4,school_60,course_68 course_10 course_79
area_2,school_53,course_73
area_4,school_70,course_21 course_73
area_1,school_119,course_79 course_96
area_2,school_71,course_91 course_47
area_3,school_6,course_23 course_40
area_4,school_60,course_66
area_1,school_183,course_77 course_80
area_3,school_203,course_64
area_2,school_197,course_25 course_64
area_3,school_349,course_28 course_18
area_1,school_146,course_94 course_75
area_3,school_250,course_49 course_28
area_3,school_324,course_79
area_4,school_65,course_21 course_12 course_39
area_3,school_114,course_45 course_15
area_2,school_309,course_4 course_61 course_57
area_3,school_219,course_67 course_4 course_18
area_4,school_300,course_23 course_5
area_4,school_70,course_3 course_59
area_2,school_192,course_72 course_92 course_52
area_2,school_361,course_40 course_3 course_47
area_1,school_145,course_89
area_2,school_302,course_25 course_18
area_2,school_5,course_22 course_76
area_3,school_225,course_84 course_59
area_1,school_185,course_48 course_73
area_3,school_103,course_48
area_3,school_151,course_37 course_11
area_2,school_191,course_9 course_59
area_4,school_65,course_35
area_1,school_69,course_3
area_4,school_247,course_13
area_1,school_261,course_8 course_84
area_3,school_46,course_52
area_4,school_138,course_35
area_4,school_243,course_66
area_3,school_31,course_59
area_2,school_186,course_33
area_3,school_24,course_29 course_51 course_90
area_3,school_335,course_27 course_92 course_52
area_3,school_257,course_72
area_3,school_158,course_7
area_2,school_259,course_17 course_91 course_9
area_1,school_362,course_43
area_3,school_59,course_79 course_29
area_3,school_110,course_42 course_15
area_2,school_1,course_87
area_2,school_170,course_17 course_13 course_53
area_3,school_326,course_69 course_24
area_3,school_131,course_45 course_44 course_41
area_4,school_70,course_97 course_60 course_64
area_2,school_32,course_76 course_2
area_3,school_330,course_7 course_72 course_27
area_3,school_167,course_18 course_31 course_42
area_3,school_140,course_99 course_80 course_9
area_2,school_134,course_59
area_3,school_332,course_61 course_9
area_4,school_300,course_67 course_26 course_36
area_3,school_49,course_44 course_42
area_1,school_214,course_2 course_75 course_48
area_3,school_203,course_70 course_84 course_34
area_1,school_281,course_16 course_94 course_63
area_2,school_98,course_21 course_73 course_3
area_3,school_264,course_81 course_98 course_17
area_2,school_258,course_30
area_3,school_143,course_41 course_3
area_3,school_326,course_53 course_20 course_30
area_2,school_13,course_57 course_23 course_50
area_2,school_112,course_28 course_85
area_2,school_61,course_16 course_33
area_2,school_108,course_37 course_95 course_83
area_3,school_342,course_68
area_3,school_45,course_97 course_71
area_1,school_308,course_7 course_15 course_46
area_2,school_341,course_91 course_69 course_39
area_3,school_45,course_57 course_20 course_4
area_1,school_183,course_95 course_87 course_7
area_3,school_167,course_60
area_2,school_74,course_81 course_75
area_1,school_306,course_84
area_3,school_82,course_78 course_83 course_75
area_1,school_185,course_64 course_81 course_95
area_2,school_193,course_81
area_4,school_278,course_39 course_35 course_88
area_1,school_146,course_50 course_17 course_40
area_2,school_294,course_7 course_41
area_2,school_166,course_7
area_3,school_233,course_63 course_68 course_42
area_2,school_33,course_43 course_62
area_4,school_76,course_40 course_4
area_3,school_47,course_4
area_2,school_192,course_34 course_95
area_3,school_201,course_37
area_3,school_93,course_65 course_5 course_8
area_4,school_124,course_6 course_47
area_3,school_235,course_9 course_64
area_1,school_310,course_9 course_41
area_3,school_241,course_39 course_17
area_3,school_143,course_17 course_39
area_2,school_297,course_14 course_36
area_4,school_88,course_22 course_6
area_3,school_155,course_65 course_23
area_2,school_135,course_84 course_5
area_2,school_249,course_84 course_57 course_30
area_3,school_363,course_26 course_78 course_72
area_2,school_32,course_28 course_96 course_74
area_2,school_249,course_46 course_1 course_73
area_4,school_325,course_13 course_40
area_2,school_87,course_38 course_16
area_3,school_34,course_56 course_13 course_79
area_3,school_86,course_46 course_50
area_2,school_258,course_65
area_4,school_278,course_36
area_3,school_282,course_79
area_1,school_281,course_96 course_5
area_2,school_107,course_54 course_40
area_1,school_121,course_77
area_2,school_301,course_14 course_94
area_1,school_261,course_13 course_2 course_87
area_3,school_34,course_70
area_3,school_27,course_10 course_83 course_55
area_3,school_46,course_68
area_3,school_269,course_25 course_73
area_4,school_343,course_48 course_79 course_44
area_1,school_320,course_65 course_89 course_26
area_1,school_288,course_41
area_1,school_353,course_76 course_67
area_2,school_229,course_30
area_3,school_256,course_35
area_1,school_67,course_42 course_54
area_3,school_158,course_60 course_39
area_3,school_269,course_90 course_82 course_2
area_2,school_301,course_80
area_3,school_131,course_53 course_54
area_4,school_238,course_26
area_1,school_364,course_58 course_88
area_4,school_316,course_75 course_74
area_3,school_336,course_96
area_2,school_345,course_46 course_30
area_2,school_98,course_48 course_14 course_63
area_2,school_172,course_66 course_84 course_68
area_1,school_248,course_40 course_11
area_3,school_64,course_37
area_3,school_184,course_34 course_30
area_3,school_155,course_66 course_40
area_1,school_202,course_77 course_7
area_2,school_230,course_8 course_61 course_93
area_3,school_64,course_21 course_47 course_15
area_4,school_76,course_92 course_34 course_10
area_1,school_196,course_66 course_51
area_4,school_278,course_77 course_85 course_16
area_4,school_125,course_17 course_31 course_81
area_4,school_243,course_40 course_72 course_93
area_2,school_186,course_3
area_1,school_317,course_15 course_20
area_1,school_202,course_67 course_48
area_3,school_327,course_84
area_4,school_2,course_73
area_2,school_191,course_81
area_4,school_132,course_87 course_26 course_13
area_4,school_177,course_72 course_61
area_4,school_305,course_39 course_17 course_14
area_3,school_222,course_42 course_96 course_24
area_3,school_151,course_74
area_1,school_288,course_86 course_56 course_23
area_2,school_249,course_14
area_3,school_102,course_33 course_95 course_88
area_2,school_15,course_74 course_4
area_4,school_300,course_50 course_40 course_53
area_4,school_39,course_55 course_92
area_2,school_92,course_61 course_55
area_4,school_265,course_70 course_41 course_12
area_2,school_304,course_70 course_75
area_3,school_82,course_42
area_4,school_105,course_33 course_14 course_32
area_3,school_335,course_68 course_80
area_3,school_256,course_89 course_40 course_34
area_2,school_188,course_75
area_1,school_95,course_17 course_58 course_39
area_1,school_121,course_25 course_1 course_59
area_1,school_231,course_44
area_2,school_240,course_29
area_2,school_194,course_52 course_94
area_2,school_29,course_61 course_18 course_25
area_3,school_211,course_37 course_5
area_2,school_44,course_60 course_95 course_35
area_3,school_290,course_21 course_23
area_1,school_181,course_61 course_1
area_1,school_289,course_26
area_3,school_287,course_83 course_56 course_58
area_3,school_347,course_23 course_46
area_3,school_34,course_64 course_10 course_100
area_3,school_339,course_92
area_3,school_34,course_36 course_18
area_3,school_149,course_34
area_3,school_27,course_98
area_4,school_213,course_45 course_67 course_56
area_3,school_59,course_26
area_2,school_168,course_22
area_3,school_66,course_74 course_30 course_64
area_4,school_305,course_58 course_33 course_94
area_4,school_343,course_61 course_44
area_2,school_237,course_34 course_8
area_3,school_241,course_79
area_3,school_245,course_91 course_33
area_3,school_11,course_90 course_100
area_3,school_131,course_98 course_31
area_3,school_80,course_92 course_38
area_1,school_129,course_82
area_3,school_131,course_91 course_93 course_23
area_3,school_315,course_54 course_10 course_36
area_2,school_229,course_29 course_41
area_1,school_142,course_37 course_79
area_4,school_124,course_31
area_2,school_161,course_83 course_60 course_66
area_1,school_353,course_51
area_4,school_113,course_26 course_17
area_4,school_63,course_76 course_8
area_3,school_47,course_19 course_4
area_1,school_10,course_35 course_75
area_1,school_214,course_18 course_75
area_3,school_96,course_19 course_85 course_71
area_1,school_231,course_49 course_55 course_48
area_3,school_35,course_49 course_52 course_61
area_3,school_51,course_8
area_3,school_257,course_81 course_40 course_66
area_4,school_278,course_96 course_15
area_1,school_185,course_65
area_4,school_247,course_77 course_92 course_83
area_3,school_327,course_23 course_95
area_3,school_131,course_98 course_94 course_82
area_3,school_338,course_48 course_65 course_20
area_2,school_108,course_90 course_52 course_86
area_3,school_324,course_1
area_3,school_354,course_5 course_60
area_2,school_38,course_62
area_2,school_294,course_19 course_75 course_34
area_3,school_245,course_55 course_19
area_4,school_169,course_79 course_60 course_53
area_2,school_15,course_90
area_3,school_312,course_67 course_11 course_75
area_4,school_138,course_24 course_55 course_30
area_3,school_184,course_53
area_1,school_94,course_81
area_4,school_276,course_59
area_2,school_329,course_10 course_84
area_1,school_146,course_56 course_64
area_3,school_102,course_49 course_46 course_89
area_3,school_140,course_6 course_29
area_3,school_165,course_31 course_77 course_35
area_3,school_24,course_59
area_4,school_83,course_91
area_3,school_218,course_99 course_57 course_97
area_4,school_12,course_59 course_5 course_96
area_4,school_3,course_7 course_54 course_98
area_1,school_261,course_96
area_3,school_324,course_75 course_61 course_40
area_3,school_175,course_45 course_96 course_7
area_4,school_275,course_72 course_50
area_3,school_357,course_33 course_74 course_89
area_2,school_139,course_43
area_2,school_32,course_57
area_3,school_327,course_74 course_2 course_57
area_1,school_67,course_84 course_18
area_2,school_301,course_62 course_18
area_2,school_318,course_31 course_100
area_4,school_299,course_49 course_6 course_64
area_3,school_338,course_15 course_47
area_3,school_17,course_93 course_19
area_3,school_321,course_62 course_6 course_96
area_3,school_333,course_10 course_8 course_64
area_2,school_229,course_37 course_94
area_3,school_165,course_22
area_3,school_34,course_88
area_2,school_191,course_72
area_3,school_282,course_84 course_60
area_1,school_202,course_33 course_38 course_91
area_2,school_221,course_37 course_33
area_4,school_125,course_75 course_4 course_15
area_3,school_163,course_28 course_15
area_3,school_49,course_25 course_64
area_1,school_261,course_31 course_6 course_51
area_1,school_365,course_74 course_38
area_2,school_361,course_26
area_2,school_29,course_59
area_1,school_308,course_62 course_39 course_72
area_1,school_130,course_45 course_73 course_26
area_2,school_220,course_64 course_96 course_2
area_2,school_21,course_98 course_25 course_65
area_2,school_328,course_7
area_2,school_309,course_58
area_2,school_188,course_78 course_2
area_3,school_350,course_42
area_1,school_319,course_57 course_75
area_2,school_345,course_20 course_50
area_2,school_171,course_20
area_3,school_233,course_87 course_8
area_4,school_346,course_84 course_16
area_3,school_280,course_87 course_77 course_78
area_3,school_27,course_54
area_1,school_306,course_79 course_40 course_55
area_2,school_294,course_53
area_4,school_37,course_7 course_95 course_50
area_1,school_255,course_26 course_96 course_84
area_2,school_170,course_75 course_68
area_3,school_235,course_68 course_29 course_77
area_3,school_155,course_54 course_34
area_3,school_182,course_44
area_4,school_91,course_18 course_34 course_89
area_2,school_52,course_39 course_93 course_41
area_3,school_332,course_4 course_23
area_2,school_263,course_23 course_60 course_2
area_3,school_236,course_99 course_94 course_13
area_2,school_61,course_14
area_3,school_352,course_99
area_4,school_199,course_1 course_40 course_9
area_1,school_145,course_61
area_3,school_266,course_22 course_63
area_4,school_316,course_30
area_1,school_319,course_71 course_26 course_16
area_2,school_98,course_35 course_78 course_89
area_1,school_42,course_76
area_2,school_21,course_26
area_2,school_168,course_20 course_90
area_3,school_151,course_57
area_4,school_284,course_48
area_4,school_12,course_81 course_83 course_8
area_2,school_152,course_95 course_86 course_38
area_3,school_24,course_64 course_87 course_78
area_3,school_241,course_10 course_85 course_25
area_3,school_323,course_57
area_1,school_252,course_57 course_32 course_2
area_2,school_242,course_94
area_2,school_216,course_33 course_28
area_3,school_315,course_59 course_4
area_2,school_139,course_36 course_91 course_64
area_3,school_357,course_45 course_49
area_1,school_252,course_28
area_2,school_171,course_81 course_73
area_3,school_144,course_17 course_24 course_4
area_4,school_355,course_90 course_85
area_4,school_65,course_32 course_29
area_4,school_37,course_80
area_2,school_194,course_58
area_3,school_31,course_29 course_99 course_70
area_3,school_256,course_9
area_1,school_260,course_39
area_3,school_167,course_43 course_20 course_28
area_3,school_323,course_39 course_3 course_54
area_3,school_357,course_51 course_76
area_2,school_112,course_36 course_23 course_46
area_3,school_336,course_40 course_43
area_3,school_323,course_11 course_95
area_4,school_63,course_4
area_2,school_58,course_17 course_38 course_87
area_2,school_258,course_51
area_2,school_21,course_55 course_44
area_2,school_75,course_7 course_23
area_2,school_268,course_49 course_70
area_2,school_204,course_65 course_68
area_2,school_351,course_23 course_24
area_4,school_316,course_52 course_57
area_3,school_151,course_52 course_21
area_3,school_357,course_25 course_75 course_57
area_3,school_143,course_26
area_2,school_134,course_39
area_2,school_172,course_21
area_3,school_336,course_75 course_31 course_24
area_3,school_55,course_79
area_4,school_4,course_10 course_47 course_74
area_1,school_119,course_34 course_29 course_22
area_2,school_58,course_86
area_3,school_118,course_20 course_40
area_2,school_38,course_46 course_99 course_64
area_4,school_125,course_10 course_52 course_97
area_4,school_316,course_51
area_3,school_282,course_89 course_58
area_3,school_200,course_58 course_86 course_94
area_2,school_217,course_23 course_98
area_3,school_338,course_74 course_10
area_3,school_201,course_59 course_43 course_67
area_2,school_304,course_75 course_84 course_76
area_3,school_201,course_14
area_1,school_190,course_85 course_18 course_41
area_2,school_340,course_78 course_52 course_3
area_2,school_56,course_32 course_80 course_2
area_4,school_358,course_14 course_24
area_2,school_168,course_11 course_15
area_4,school_76,course_79 course_24 course_82
area_3,school_68,course_87 course_42
area_3,school_78,course_88 course_41 course_78
area_3,school_110,course_14
area_1,school_317,course_35 course_84 course_8
area_4,school_325,course_20
area_2,school_170,course_63
area_4,school_113,course_40 course_78 course_45
area_1,school_248,course_64 course_65 course_26
area_2,school_13,course_52 course_24 course_66
area_3,school_314,course_100 course_82
area_3,school_153,course_45 course_66 course_28
area_3,school_25,course_22
area_4,school_125,course_55 course_42 course_86
area_1,school_306,course_20
area_3,school_96,course_85 course_84
area_3,school_257,course_52 course_70
area_2,school_71,course_88 course_47
area_3,school_30,course_43 course_10 course_3
area_3,school_201,course_35
area_4,school_105,course_32 course_35 course_62
area_3,school_256,course_28 course_40
area_2,school_172,course_33 course_46
area_3,school_115,course_94 course_60
area_3,school_80,course_93
area_4,school_296,course_72 course_100
area_3,school_298,course_85 course_22 course_39
area_4,school_128,course_16 course_45 course_31
area_2,school_304,course_72
area_2,school_38,course_5 course_10
area_4,school_88,course_89 course_3
area_2,school_303,course_89 course_25 course_8
area_1,school_320,course_100
area_2,school_15,course_99
area_3,school_332,course_62
area_4,school_199,course_59
area_3,school_253,course_36 course_69
area_3,school_336,course_37 course_62 course_52
area_2,school_122,course_92 course_55 course_4
area_3,school_330,course_35 course_64
area_4,school_4,course_2
area_4,school_63,course_33 course_2
area_2,school_197,course_8 course_67 course_75
area_3,school_34,course_17 course_26 course_9
area_1,school_308,course_80
area_2,school_77,course_53
area_1,school_231,course_14 course_16 course_88
area_2,school_301,course_24
area_1,school_183,course_6 course_93
area_2,school_171,course_50
area_3,school_120,course_48
area_2,school_57,course_1 course_86
area_2,school_341,course_45 course_52
area_3,school_82,course_64 course_72 course_39
area_3,school_352,course_25 course_95 course_66
area_2,school_87,course_15
area_4,school_180,course_24 course_19
area_3,school_236,course_22 course_37 course_84
area_3,school_359,course_18 course_9
area_4,school_128,course_9 course_60
area_4,school_83,course_12
area_4,school_325,course_43 course_9 course_16
area_3,school_357,course_44
area_3,school_167,course_36 course_80 course_34
area_3,school_64,course_93 course_84
area_3,school_273,course_5 course_48
area_3,school_350,course_92 course_21 course_57
area_3,school_103,course_7
area_2,school_217,course_42 course_41 course_2
area_3,school_338,course_13
area_2,school_194,course_9
area_3,school_117,course_51
area_1,school_248,course_54 course_16 course_55
area_3,school_11,course_25 course_37 course_20
area_4,school_125,course_39
area_3,school_31,course_69 course_45
area_2,school_92,course_44 course_47
area_2,school_166,course_94 course_65
area_2,school_328,course_85
area_4,school_243,course_91 course_56
area_3,school_209,course_31 course_81 course_92
area_4,school_195,course_98 course_83 course_69
area_3,school_330,course_68 course_22 course_46
area_3,school_334,course_13 course_17 course_71
area_4,school_305,course_100 course_47 course_29
area_1,school_255,course_79 course_20
area_1,school_272,course_15
area_4,school_3,course_1 course_34
area_2,school_240,course_60
area_2,school_161,course_93
area_2,school_161,course_24
area_4,school_296,course_7 course_35
area_3,school_140,course_57 course_77 course_3
area_3,school_110,course_74 course_68 course_55
area_3,school_35,course_59
area_4,school_355,course_36 course_67 course_79
area_2,school_61,course_21
area_1,school_362,course_90 course_42 course_68
area_1,school_129,course_14
area_2,school_48,course_99 course_67
area_3,school_312,course_66
area_3,school_120,course_26 course_76 course_1
area_4,school_2,course_59 course_7
area_2,school_168,course_83 course_75 course_95
area_2,school_361,course_45
area_1,school_7,course_83 course_18
area_1,school_306,course_10
area_3,school_219,course_56 course_59 course_36
area_4,school_41,course_55 course_30
area_2,school_351,course_71 course_51 course_3
area_3,school_163,course_80 course_13 course_71
area_2,school_29,course_63 course_92
area_1,school_306,course_16
area_2,school_205,course_30 course_14 course_94
area_3,school_326,course_83 course_79
area_2,school_230,course_77 course_30
area_2,school_33,course_6 course_99 course_89
area_3,school_25,course_31 course_69
area_4,school_125,course_93 course_40 course_24
area_3,school_156,course_34 course_64
area_4,school_19,course_75 course_33
area_4,school_19,course_19
area_2,school_206,course_8
area_3,school_59,course_33 course_96 course_26
area_3,school_360,course_2
area_3,school_225,course_59 course_24
area_1,school_344,course_29
area_2,school_56,course_7
area_3,school_78,course_43 course_72 course_94
area_3,school_360,course_64
area_2,school_223,course_40
area_3,school_165,course_75 course_25 course_42
area_2,school_303,course_55
area_1,school_281,course_71
area_3,school_307,course_79
area_4,school_276,course_61 course_58 course_69
area_4,school_278,course_55 course_4
area_3,school_151,course_54 course_96
area_4,school_88,course_32 course_88
area_2,school_170,course_66
area_2,school_21,course_77 course_63 course_5
area_1,school_317,course_8
area_3,school_334,course_4
area_1,school_320,course_100
area_2,school_216,course_8 course_7 course_87
area_3,school_118,course_17
area_2,school_44,course_52 course_76
area_2,school_53,course_85 course_17
area_3,school_147,course_10 course_39
area_4,school_113,course_29 course_52
area_2,school_21,course_93 course_60
area_2,school_197,course_64 course_89
area_2,school_188,course_67
area_3,school_137,course_21 course_53 course_92
area_3,school_339,course_6 course_88 course_10
area_3,school_31,course_100
area_1,school_248,course_30 course_29 course_38
area_3,school_31,course_4 course_16 course_73
area_3,school_179,course_67
area_2,school_294,course_55 course_36
area_4,school_176,course_31 course_98
area_3,school_93,course_26 course_74 course_30
area_3,school_82,course_64
area_1,school_292,course_1 course_11
area_4,school_169,course_81
area_3,school_55,course_12 course_28
area_4,school_23,course_96 course_7 course_95
area_3,school_269,course_39
area_1,school_159,course_56 course_53 course_93
area_2,school_204,course_57 course_7
area_2,school_89,course_72 course_75 course_32
area_2,school_13,course_64
area_2,school_345,course_74 course_10 course_94
area_1,school_67,course_1
area_3,school_47,course_72 course_58 course_56
area_2,school_152,course_27
area_2,school_18,course_75 course_11 course_46
area_3,school_327,course_35 course_3
area_2,school_61,course_23
area_3,school_167,course_65 course_90 course_62
area_3,school_158,course_12 course_95
area_3,school_31,course_30 course_87 course_58
area_4,school_284,course_42 course_39
area_3,school_349,course_33 course_27 course_57
area_4,school_278,course_21
area_4,school_265,course_73 course_52 course_28
area_3,school_31,course_7 course_38
area_1,school_67,course_25 course_32
area_1,school_248,course_75 course_25
area_2,school_18,course_55 course_53 course_90
area_3,school_254,course_52 course_99
area_4,school_76,course_23 course_43 course_100
area_3,school_257,course_8 course_94 course_40
area_2,school_262,course_38 course_9
area_3,school_25,course_74 course_6
area_4,school_85,course_8 course_27
area_3,school_218,course_8
area_3,school_352,course_58
area_2,school_104,course_49 course_5
area_4,school_113,course_26
area_2,school_229,course_19 course_93
area_4,school_355,course_73 course_81 course_89
area_1,school_67,course_39
area_2,school_258,course_9
area_3,school_155,course_2
area_2,school_62,course_21 course_71
area_4,school_299,course_5 course_76 course_96
area_3,school_49,course_10 course_38
area_2,school_318,course_57 course_71 course_73
area_3,school_280,course_88
area_3,school_11,course_94 course_43 course_85
area_2,school_242,course_44 course_23
area_4,school_9,course_73
area_4,school_63,course_91 course_30 course_13
area_3,school_151,course_61
area_3,school_82,course_72 course_45
area_3,school_100,course_69 course_9
area_2,school_21,course_75 course_67 course_22
area_3,school_234,course_90
area_3,school_280,course_52
area_2,school_48,course_87 course_11
area_4,school_154,course_41 course_53 course_55
area_2,school_53,course_60 course_79 course_22
area_2,school_193,course_9 course_68 course_41
area_3,school_153,course_57 course_29 course_53
area_2,school_58,course_68 course_7
area_3,school_35,course_6 course_18 course_79
area_2,school_258,course_15 course_28 course_64
area_3,school_332,course_3 course_88 course_18
area_1,school_67,course_27 course_83
area_2,school_123,course_69 course_76
area_3,school_279,course_54
area_1,school_181,course_84
area_2,school_40,course_47 course_61 course_77
area_3,school_137,course_52 course_23 course_51
area_1,school_181,course_38 course_76
area_3,school_282,course_44 course_38 course_78
area_1,school_317,course_53
area_4,school_278,course_4 course_58
area_3,school_35,course_49 course_57
area_4,school_141,course_53 course_19
area_3,school_100,course_4 course_63
area_3,school_354,course_48 course_76
area_4,school_41,course_54
area_3,school_347,course_51
area_3,school_264,course_4 course_59 course_60
area_4,school_247,course_72
area_4,school_148,course_67 course_87 course_53
area_3,school_103,course_99
area_1,school_26,course_4
area_3,school_256,course_34 course_22
area_2,school_28,course_30 course_75
area_1,school_226,course_20 course_83 course_33
area_1,school_319,course_12 course_24
area_2,school_221,course_5
area_2,school_75,course_21 course_40
area_3,school_336,course_75
area_4,school_39,course_13 course_61
area_3,school_264,course_54
area_2,school_246,course_13 course_58 course_23
area_1,school_214,course_46
area_3,school_273,course_32 course_34
area_2,school_205,course_27 course_96
area_3,school_234,course_57 course_53 course_16
area_4,school_284,course_81 course_18 course_39
area_3,school_45,course_90
area_2,school_162,course_85 course_47 course_74
area_3,school_144,course_79 course_26 course_31
area_3,school_236,course_70
area_4,school_276,course_37 course_50 course_21
area_3,school_155,course_64
area_2,school_228,course_80 course_6
area_4,school_355,course_89
area_2,school_1,course_9 course_90
area_3,school_264,course_65
area_1,school_252,course_93 course_30 course_26
area_1,school_281,course_95 course_71
area_2,school_89,course_70
area_2,school_161,course_74
area_1,school_146,course_4
area_3,school_337,course_65
area_2,school_367,course_64
area_3,school_55,course_59 course_75 course_31
area_2,school_112,course_95
area_3,school_82,course_65 course_39 course_27
area_4,school_300,course_65
area_1,school_308,course_30
area_3,school_101,course_22 course_59 course_25
area_2,school_77,course_34 course_14
area_2,school_29,course_82
area_4,school_148,course_7 course_25 course_38
area_3,school_14,course_14 course_30
area_1,school_121,course_69 course_98 course_77
area_3,school_156,course_12 course_22
area_3,school_225,course_67 course_5
area_3,school_314,course_14
area_4,school_37,course_93
area_3,school_200,course_82 course_100 course_42
area_3,school_333,course_46 course_33
area_4,school_278,course_89
area_2,school_345,course_96 course_99 course_36
area_2,school_28,course_3 course_98
area_3,school_270,course_93 course_10
area_3,school_149,course_61 course_57
area_3,school_360,course_92 course_43 course_91
area_4,school_83,course_18
area_3,school_332,course_29 course_58 course_79
area_3,school_357,course_59 course_21
area_2,school_268,course_35 course_83
area_3,school_256,course_14 course_92
area_3,school_273,course_62 course_61
area_2,school_329,course_47 course_8
area_2,school_313,course_22 course_42 course_13
area_2,school_227,course_16 course_8
area_4,school_128,course_53 course_59 course_93
area_1,school_248,course_87 course_67
area_2,school_262,course_52 course_64
area_2,school_204,course_35 course_58
area_1,school_281,course_54 course_43
area_2,school_331,course_66 course_71 course_14
area_2,school_112,course_32 course_100 course_9
area_4,school_76,course_23 course_14
area_2,school_251,course_78 course_76 course_37
area_2,school_345,course_46
area_2,school_220,course_56
area_3,school_236,course_51 course_28
area_3,school_137,course_3 course_75 course_33
area_3,school_47,course_2
area_3,school_314,course_14 course_24 course_3
area_3,school_280,course_56
area_3,school_27,course_17 course_84 course_64
area_2,school_21,course_30 course_39 course_72
area_1,school_248,course_94 course_72 course_98
area_3,school_100,course_46 course_58 course_28
area_3,school_266,course_42
area_3,school_207,course_57 course_30 course_53
area_4,school_343,course_32 course_95
area_2,school_79,course_43 course_96 course_52
area_3,school_25,course_99 course_31 course_65
area_4,school_296,course_54 course_34 course_90
area_1,school_67,course_51
area_2,school_303,course_84 course_81
area_1,school_214,course_31 course_78
area_1,school_308,course_87 course_8 course_76
area_3,school_337,course_98 course_82
area_3,school_165,course_88 course_31
area_4,school_19,course_79
area_4,school_277,course_54 course_99
area_2,school_171,course_24 course_90
area_3,school_110,course_22 course_53
area_1,school_16,course_8 course_9
area_2,school_58,course_44 course_74 course_85
area_2,school_126,course_7
area_4,school_295,course_31 course_35 course_26
area_1,school_289,course_6
area_3,school_270,course_52 course_47 course_22
area_1,school_308,course_87 course_39 course_38
area_3,school_279,course_76 course_45 course_81
area_4,school_3,course_100
area_2,school_71,course_63
area_1,school_365,course_92
area_3,school_36,course_83
area_2,school_32,course_94
area_3,school_209,course_48 course_20 course_38
area_1,school_121,course_26 course_54
area_4,school_169,course_82 course_99
area_1,school_142,course_24
area_2,school_62,course_56 course_3
area_4,school_177,course_85 course_14
area_4,school_2,course_68 course_40
area_2,school_251,course_64 course_39
area_2,school_61,course_40 course_76
area_3,school_27,course_1 course_85
area_3,school_120,course_45 course_66 course_83
area_3,school_149,course_94 course_67 course_58
area_3,school_282,course_30 course_51 course_100
area_3,school_14,course_36 course_43
area_2,school_170,course_40
area_4,school_325,course_55 course_41 course_51
area_4,school_300,course_82 course_85
area_3,school_333,course_12 course_99
area_3,school_282,course_1
area_4,school_12,course_98 course_62 course_55
area_3,school_219,course_21 course_95 course_1
area_3,school_354,course_54
area_1,school_261,course_99
area_4,school_76,course_84
area_4,school_60,course_38 course_87 course_76
area_2,school_249,course_3
area_3,school_222,course_25 course_80 course_86
area_2,school_166,course_56 course_84
area_3,school_46,course_68 course_94 course_97
area_3,school_232,course_39
area_2,school_5,course_31
area_3,school_338,course_62 course_31
area_1,school_281,course_99 course_88 course_51
area_3,school_106,course_7 course_23 course_48
area_4,school_210,course_50 course_94
area_1,school_121,course_47
area_3,school_86,course_97
area_2,school_361,course_21 course_38
area_2,school_48,course_79 course_40 course_14
area_3,school_348,course_65
area_3,school_175,course_12
area_2,school_186,course_60 course_51
area_2,school_186,course_77 course_89
area_3,school_55,course_26
area_2,school_258,course_75 course_3
area_3,school_215,course_60
area_3,school_339,course_26 course_43
area_3,school_266,course_68 course_61
area_1,school_16,course_75 course_26
area_2,school_301,course_3
area_4,school_176,course_69 course_6
area_3,school_348,course_49 course_40 course_64
area_3,school_17,course_49 course_27
area_3,school_24,course_77
area_3,school_315,course_82
area_3,school_82,course_36
area_1,school_146,course_43
area_1,school_224,course_58 course_10
area_3,school_25,course_61 course_78 course_5
area_2,school_139,course_66 course_74
area_1,school_353,course_55 course_63 course_65
area_2,school_223,course_87
area_1,school_320,course_60 course_13 course_37
area_3,school_357,course_15 course_34
area_2,school_97,course_11 course_85
area_1,school_95,course_23
area_4,school_19,course_81
area_4,school_277,course_77 course_28
area_3,school_347,course_28 course_13
area_4,school_88,course_57
area_2,school_187,course_24 course_93
area_3,school_106,course_15
area_3,school_102,course_2
area_3,school_100,course_45 course_25 course_62
area_1,school_185,course_78
area_3,school_256,course_50 course_10 course_2
area_2,school_56,course_82 course_58 course_10
area_3,school_147,course_10 course_49 course_75
area_4,school_325,course_55
area_2,school_40,course_4 course_20 course_1
area_3,school_78,course_82 course_79
area_4,school_128,course_54 course_78
area_3,school_27,course_47 course_45
area_3,school_66,course_17 course_85
area_1,school_130,course_39 course_85
area_2,school_98,course_50 course_30 course_43
area_2,school_251,course_22
area_4,school_277,course_5
area_3,school_80,course_5 course_47
area_1,school_121,course_22
area_4,school_83,course_84 course_29 course_30
area_2,school_187,course_100 course_25
area_1,school_214,course_7 course_49
area_2,school_188,course_97
area_1,school_119,course_75 course_4
area_4,school_9,course_47 course_45 course_82
area_2,school_162,course_52 course_87 course_72
area_3,school_25,course_40 course_36 course_83
area_3,school_175,course_47 course_75 course_32
area_4,school_199,course_60
area_1,school_145,course_21 course_57 course_36
area_2,school_29,course_66 course_70 course_90
area_2,school_133,course_59 course_41 course_99
area_1,school_272,course_57 course_10
area_2,school_162,course_60 course_81
area_2,school_122,course_23 course_13
area_3,school_140,course_98
area_2,school_74,course_2 course_68
area_3,school_349,course_46 course_93
area_4,school_60,course_56 course_98
area_2,school_28,course_7 course_90 course_30
area_2,school_356,course_56 course_93
area_2,school_77,course_60 course_22 course_29
area_2,school_229,course_37 course_72 course_22
area_1,school_306,course_84 course_82
area_2,school_18,course_61 course_21
area_2,school_61,course_88
area_3,school_266,course_91 course_16 course_78
area_2,school_84,course_13
area_2,school_139,course_34 course_77 course_83
area_3,school_349,course_76 course_58
area_4,school_176,course_87 course_34 course_77
area_2,school_340,course_96 course_57
area_3,school_100,course_79 course_55 course_88
area_2,school_134,course_49 course_19 course_66
area_4,school_37,course_48
area_2,school_228,course_38 course_100
area_4,school_63,course_78
area_2,school_170,course_29
area_3,school_118,course_20 course_59 course_70
area_3,school_110,course_71 course_20
area_3,school_339,course_57 course_2 course_70
area_3,school_182,course_91 course_13
area_2,school_204,course_62 course_98 course_80
area_3,school_360,course_67 course_31
area_3,school_78,course_20
area_4,school_284,course_82
area_1,school_119,course_40 course_53 course_94
area_4,school_276,course_86 course_71 course_53
area_3,school_347,course_62 course_56
area_3,school_78,course_28 course_61 course_89
area_3,school_363,course_57 course_26
area_2,school_328,course_69 course_1 course_26
area_1,school_252,course_58
area_2,school_356,course_24 course_26
area_4,school_284,course_50 course_4 course_16
area_2,school_168,course_79
area_3,school_158,course_79
area_2,school_223,course_29 course_47 course_14
area_3,school_158,course_42
area_3,school_233,course_54
area_2,school_79,course_90 course_29
area_1,school_130,course_16 course_89 course_67
area_2,school_220,course_37 course_25
area_3,school_165,course_7 course_97
area_3,school_45,course_34 course_63
area_4,school_12,course_4 course_78
area_4,school_265,course_39 course_8 course_6
area_2,school_13,course_91
area_3,school_315,course_14 course_28 course_91
area_2,school_221,course_67 course_23
area_3,school_120,course_90 course_66 course_37
area_3,school_114,course_84
area_2,school_57,course_45 course_8
area_2,school_229,course_21
area_2,school_268,course_49 course_84 course_22
area_3,school_78,course_70 course_20
area_2,school_268,course_27 course_22 course_82
area_4,school_70,course_16
area_3,school_267,course_19 course_43
area_2,school_139,course_11 course_40 course_84
area_3,school_233,course_28 course_32 course_95
area_3,school_51,course_88
area_2,school_227,course_55
area_3,school_143,course_10
area_2,school_28,course_10
area_1,school_288,course_15
area_2,school_58,course_48
area_2,school_75,course_90 course_63 course_87
area_3,school_241,course_69 course_46 course_98
area_3,school_49,course_89
area_3,school_14,course_100 course_22 course_84
area_3,school_330,course_94 course_87 course_32
area_1,school_99,course_14 course_92
area_2,school_216,course_95
area_2,school_13,course_9 course_94
area_3,school_337,course_3 course_38
area_1,school_99,course_42
area_2,school_205,course_70 course_8
area_4,school_113,course_10 course_51 course_100
area_2,school_104,course_86
area_3,school_279,course_40 course_12 course_67
area_2,school_38,course_68 course_31 course_25
area_4,school_41,course_33
area_2,school_172,course_95
area_2,school_126,course_40 course_23 course_24
area_3,school_203,course_99 course_85
area_3,school_209,course_57
area_3,school_110,course_67
area_1,school_306,course_5 course_78
area_2,school_242,course_65 course_1 course_49
area_2,school_90,course_12 course_79
area_3,school_31,course_18 course_68 course_59
area_4,school_299,course_93
area_2,school_92,course_28 course_62
area_4,school_176,course_62
area_3,school_352,course_99 course_3 course_86
area_2,school_108,course_69
area_3,school_212,course_51
area_3,school_350,course_69
area_4,school_125,course_3 course_75
area_3,school_342,course_7 course_19 course_87
area_3,school_215,course_93 course_5
area_3,school_267,course_25 course_46 course_54
area_3,school_209,course_59 course_10
area_2,school_87,course_88
area_3,school_350,course_95 course_33
area_2,school_262,course_81 course_22
area_2,school_38,course_4 course_54
area_4,school_132,course_68 course_87
area_1,school_231,course_42
area_1,school_146,course_20 course_40 course_11
area_2,school_258,course_79
area_2,school_188,course_30
area_3,school_165,course_7 course_42 course_75
area_2,school_228,course_40
area_2,school_54,course_49 course_78 course_47
area_3,school_322,course_42 course_58 course_48
area_3,school_269,course_38
area_2,school_206,course_64 course_2
area_3,school_11,course_57 course_5
area_4,school_63,course_63 course_22
area_2,school_340,course_92 course_51 course_33
area_3,school_34,course_42 course_40
area_1,school_69,course_1
area_4,school_132,course_35 course_87
area_2,school_8,course_55 course_41
area_4,school_60,course_85 course_99
area_3,school_68,course_28
area_2,school_297,course_31
area_2,school_89,course_2 course_93
area_3,school_270,course_99
area_4,school_4,course_74 course_52 course_56
area_4,school_178,course_4
area_1,school_292,course_54 course_47
area_1,school_289,course_79 course_19 course_9
area_1,school_272,course_50
area_4,school_300,course_68 course_41 course_5
area_4,school_346,course_21 course_17
area_3,school_179,course_97 course_85
area_1,school_67,course_39 course_90 course_20
area_2,school_302,course_87 course_37 course_50
area_3,school_114,course_98 course_59 course_82
area_3,school_151,course_32
area_3,school_264,course_55 course_94 course_4
area_3,school_102,course_56
area_2,school_13,course_63 course_32 course_59
area_4,school_355,course_86
area_2,school_58,course_54
area_1,school_261,course_99
area_2,school_29,course_61 course_82 course_30
area_3,school_49,course_62 course_73
area_3,school_184,course_14 course_61 course_49
area_3,school_236,course_60 course_55 course_46
area_2,school_58,course_78 course_13
area_3,school_144,course_14
area_1,school_231,course_81 course_12 course_93
area_2,school_84,course_40 course_100
area_1,school_95,course_13 course_17 course_18
area_2,school_331,course_81 course_15 course_86
area_4,school_285,course_80 course_21
area_3,school_14,course_91
area_2,school_249,course_88 course_86 course_10
area_2,school_313,course_25
area_2,school_123,course_45 course_4 course_6
area_4,school_265,course_99 course_94 course_47
area_4,school_169,course_81 course_29
area_3,school_254,course_80 course_9 course_98
area_3,school_219,course_90 course_73 course_82
area_2,school_98,course_40
area_2,school_204,course_71 course_89
area_1,school_261,course_6 course_51 course_30
area_3,school_93,course_30
area_2,school_135,course_100 course_29
area_1,school_16,course_7 course_72
area_3,school_241,course_67 course_15
area_2,school_311,course_21
area_2,school_71,course_59 course_74 course_13
area_3,school_46,course_68 course_65
area_3,school_72,course_41
area_3,school_254,course_30 course_50 course_8
area_1,school_317,course_41 course_11
area_3,school_35,course_7
area_3,school_253,course_14 course_54 course_53
area_3,school_333,course_79 course_23
area_1,school_255,course_51 course_8
area_2,school_193,course_73 course_7 course_1
area_2,school_366,course_37 course_31 course_93
area_3,school_225,course_94 course_39 course_29
area_1,school_142,course_62 course_50
area_3,school_273,course_59 course_17
area_2,school_171,course_25
area_3,school_11,course_28 course_77 course_59
area_4,school_113,course_40
area_3,school_36,course_12 course_81
area_2,school_15,course_43 course_3
area_2,school_84,course_79 course_86 course_40
area_2,school_356,course_59 course_12
area_3,school_219,course_15 course_78 course_22
area_3,school_215,course_100
area_4,school_132,course_30 course_91
area_3,school_280,course_17 course_69 course_80
area_2,school_172,course_37 course_43 course_80
area_2,school_166,course_93 course_46 course_4
area_2,school_126,course_84
area_4,school_63,course_75
area_4,school_2,course_15 course_80
area_4,school_343,course_66 course_99 course_7
area_3,school_270,course_81
area_2,school_204,course_82 course_93
area_4,school_276,course_84
area_3,school_323,course_98 course_96 course_66
area_3,school_254,course_5 course_94
area_2,school_32,course_9 course_56
area_3,school_330,course_85 course_81
area_4,school_169,course_87
area_2,school_5,course_66
area_2,school_217,course_89 course_38 course_97
area_4,school_73,course_38 course_22 course_15
area_3,school_143,course_86
area_1,school_145,course_78 course_4 course_45
area_3,school_158,course_65
area_2,school_53,course_69 course_96 course_95
area_3,school_36,course_99
area_2,school_52,course_67 course_61 course_93
area_2,school_242,course_35 course_73 course_29
area_3,school_360,course_22 course_11 course_91
area_2,school_258,course_67
area_3,school_287,course_25
area_2,school_205,course_49
area_2,school_58,course_9 course_100 course_71
area_2,school_33,course_76
area_3,school_322,course_54 course_21
area_1,school_185,course_33 course_44 course_8
area_4,school_276,course_51 course_75 course_77
area_4,school_355,course_73 course_37 course_15
area_4,school_65,course_3 course_62 course_46
area_2,school_107,course_11
area_4,school_148,course_93
area_4,school_346,course_88 course_55 course_24
area_2,school_40,course_38 course_69
area_3,school_102,course_44
area_4,school_343,course_2 course_93
area_2,school_263,course_15 course_68
area_4,school_23,course_16 course_37
area_1,school_214,course_35 course_71 course_56
area_2,school_5,course_80 course_32
area_3,school_72,course_94
area_3,school_244,course_40 course_87 course_56
area_3,school_273,course_26 course_94
area_4,school_300,course_89
area_3,school_233,course_82
area_2,school_13,course_4
area_3,school_100,course_98
area_1,school_289,course_32 course_94 course_95
area_3,school_338,course_32 course_60
area_2,school_249,course_92 course_16
area_2,school_162,course_6 course_56 course_29
area_2,school_329,course_68 course_69
area_3,school_158,course_53 course_88
area_2,school_56,course_1
area_3,school_209,course_84
area_3,school_322,course_29 course_66
area_3,school_163,course_34 course_68
area_3,school_158,course_95
area_2,school_221,course_23 course_38 course_37
area_3,school_68,course_13
area_2,school_171,course_37 course_95 course_53
area_2,school_230,course_41
area_1,school_281,course_44
area_3,school_167,course_1
area_3,school_253,course_27 course_34
area_1,school_181,course_58 course_11 course_8
area_3,school_245,course_20 course_67 course_83
area_3,school_106,course_69 course_1
area_3,school_283,course_52 course_8 course_77
area_3,school_235,course_87
area_3,school_25,course_23
area_4,school_210,course_57
area_4,school_148,course_84
area_3,school_254,course_88 course_25
area_3,school_66,course_80 course_46 course_91
area_2,school_77,course_53 course_41 course_37
area_2,school_294,course_46
area_3,school_273,course_97 course_35 course_39
area_2,school_152,course_95 course_16
area_2,school_84,course_30 course_8 course_61
area_3,school_336,course_67
area_4,school_128,course_78
area_3,school_17,course_94 course_87 course_77
area_2,school_8,course_15 course_2
area_3,school_219,course_75 course_28
area_3,school_100,course_97
area_3,school_116,course_98 course_11
area_3,school_120,course_18 course_9 course_55
area_1,school_289,course_16 course_10 course_95
area_3,school_245,course_29 course_26
area_3,school_64,course_99
area_3,school_182,course_76 course_48 course_1
area_3,school_267,course_75
area_4,school_299,course_68
area_2,school_302,course_16 course_100 course_24
area_2,school_75,course_47
area_4,school_20,course_66
area_2,school_92,course_8 course_93 course_23
area_2,school_223,course_10 course_95 course_88
area_3,school_211,course_1
area_3,school_256,course_44
area_3,school_324,course_21 course_31 course_65
area_1,school_202,course_91 course_4 course_94
area_2,school_186,course_85
area_1,school_310,course_58 course_60 course_86
area_1,school_272,course_28
area_4,school_325,course_8 course_73
area_2,school_29,course_100 course_14
area_3,school_155,course_8
area_1,school_344,course_39
area_2,school_52,course_27 course_87 course_33
area_4,school_9,course_64
area_3,school_233,course_36 course_11
area_4,school_157,course_61 course_92 course_2
area_2,school_13,course_55
area_3,school_254,course_65
area_4,school_305,course_8 course_32 course_9
area_2,school_48,course_50 course_82 course_27
area_1,school_289,course_79 course_58 course_73
area_3,school_332,course_81
area_2,school_40,course_39
area_4,school_73,course_22
area_1,school_272,course_26
area_3,school_17,course_87 course_47 course_94
area_3,school_115,course_29 course_12
area_4,school_65,course_77 course_76
area_4,school_169,course_26
area_3,school_27,course_96 course_26 course_21
area_2,school_5,course_69 course_98 course_92
area_3,school_6,course_16
area_2,school_249,course_5
area_1,school_127,course_83 course_52 course_61
area_3,school_59,course_38 course_28
area_3,school_137,course_73 course_29 course_28
area_2,school_109,course_74
area_2,school_206,course_9
area_2,school_367,course_56
area_3,school_155,course_77
area_1,school_344,course_32
area_4,school_284,course_77 course_78 course_96
area_4,school_2,course_69 course_14
area_3,school_273,course_90 course_10
area_2,school_229,course_13 course_4 course_32
area_1,school_130,course_8 course_15
area_4,school_128,course_87 course_43 course_99
area_3,school_322,course_53
area_1,school_214,course_35 course_48 course_2
area_3,school_264,course_31 course_58
area_3,school_137,course_34
area_3,school_250,course_50
area_1,school_260,course_3 course_50
area_3,school_117,course_89 course_64
area_1,school_288,course_31 course_38 course_26
area_2,school_15,course_91
area_1,school_344,course_69
area_3,school_179,course_100
area_3,school_349,course_50
area_2,school_262,course_80 course_39 course_94
area_4,school_346,course_85
area_4,school_305,course_75 course_14 course_21
area_2,school_5,course_36 course_53
area_2,school_126,course_86 course_71 course_23
area_4,school_293,course_10 course_67 course_98
area_3,school_114,course_58 course_83 course_50
area_3,school_175,course_40
area_4,school_276,course_30
area_2,school_356,course_3 course_73
area_3,school_120,course_7
area_2,school_161,course_94 course_91
area_3,school_151,course_17 course_51 course_42
area_3,school_322,course_15 course_72 course_69
area_4,school_154,course_23
area_1,school_317,course_51
area_1,school_145,course_86 course_6
area_1,school_319,course_95 course_51
area_2,school_74,course_44 course_98
area_3,school_298,course_65
area_4,school_63,course_61 course_58 course_56
area_2,school_62,course_49 course_63 course_89
area_2,school_62,course_63
area_4,school_4,course_73
area_3,school_273,course_8 course_11
area_3,school_110,course_8
area_1,school_289,course_69 course_36
area_3,school_82,course_1 course_56 course_86
area_4,school_316,course_38
area_3,school_110,course_21
area_2,school_230,course_78
area_2,school_89,course_15 course_54
area_2,school_301,course_35 course_39 course_21
area_3,school_234,course_16 course_17 course_13
area_4,school_3,course_60 course_80
area_3,school_354,course_81 course_77 course_28
area_2,school_341,course_82
area_3,school_327,course_83
area_3,school_335,course_68 course_86 course_57
area_2,school_28,course_90 course_51
area_3,school_286,course_59 course_7 course_30
area_3,school_267,course_99 course_20 course_29
area_2,school_220,course_21 course_86 course_44
area_2,school_223,course_43 course_38
area_2,school_166,course_83 course_26
area_3,school_298,course_64 course_28
area_2,school_217,course_44
area_3,school_314,course_87 course_37
area_3,school_14,course_96
area_2,school_52,course_24 course_47
area_3,school_332,course_25
area_3,school_156,course_4 course_1
area_3,school_225,course_62 course_83
area_2,school_329,course_11 course_14
area_3,school_175,course_2 course_74 course_1
area_3,school_64,course_29 course_46 course_81
area_1,school_146,course_5 course_36
area_1,school_272,course_82
area_2,school_240,course_46
area_3,school_175,course_79 course_43
area_3,school_348,course_7
area_2,school_29,course_92 course_29
area_3,school_155,course_44 course_32 course_6
area_3,school_363,course_91
area_4,school_91,course_12 course_71
area_3,school_131,course_2 course_81 course_74
area_3,school_45,course_47
area_2,school_123,course_22 course_6 course_45
area_3,school_287,course_6 course_80 course_11
area_3,school_244,course_1 course_75 course_97
area_3,school_211,course_5 course_72
area_3,school_333,course_34
area_3,school_354,course_21 course_61
area_3,school_17,course_41
area_4,school_154,course_15 course_63
area_1,school_121,course_27 course_85 course_28
area_3,school_36,course_85 course_65
area_3,school_198,course_58 course_18 course_39
area_1,school_320,course_72 course_93
area_3,school_234,course_47 course_12
area_2,school_33,course_49 course_76 course_44
area_2,school_52,course_49
area_3,school_235,course_97 course_8
area_2,school_205,course_56
area_4,school_296,course_51
area_2,school_33,course_39 course_53
area_4,school_12,course_24 course_12 course_40
area_3,school_179,course_74
area_3,school_203,course_71 course_82
area_1,school_127,course_72
area_3,school_322,course_71 course_60 course_48
area_3,school_198,course_99
area_4,school_132,course_15 course_18
area_3,school_173,course_18 course_45 course_24
area_4,school_148,course_8
area_1,school_292,course_25
area_3,school_101,course_63 course_65
area_4,school_154,course_33
area_3,school_287,course_2
area_2,school_186,course_84 course_32
area_2,school_242,course_22
area_4,school_124,course_21 course_68
area_3,school_279,course_27 course_82 course_85
area_2,school_135,course_22 course_78 course_97
area_3,school_116,course_59 course_53
area_3,school_211,course_78
area_1,school_181,course_29 course_65
area_2,school_249,course_65 course_56 course_70
area_2,school_206,course_82 course_18 course_10
area_3,school_36,course_41
area_2,school_329,course_30 course_95
area_2,school_162,course_86 course_77 course_64
area_2,school_216,course_41 course_17 course_43
area_2,school_79,course_3 course_57 course_32
area_3,school_314,course_71 course_94 course_29
area_3,school_270,course_50
area_4,school_136,course_31 course_63 course_1
area_1,school_320,course_9 course_25 course_8
area_1,school_121,course_79 course_55 course_45
area_2,school_108,course_67 course_56 course_39
area_3,school_179,course_33
area_2,school_152,course_48 course_30
area_3,school_153,course_62 course_56
area_2,school_58,course_56
area_3,school_335,course_8 course_32 course_72
area_3,school_336,course_73 course_70 course_90
area_3,school_101,course_18
area_2,school_268,course_40
area_2,school_217,course_33
area_2,school_168,course_20
area_3,school_324,course_51 course_38
area_2,school_62,course_63 course_60
area_2,school_361,course_33 course_73 course_2
area_3,school_283,course_6 course_51
area_3,school_118,course_15 course_75
area_1,school_142,course_33
area_3,school_25,course_13 course_30 course_65
area_4,school_73,course_69
area_3,school_264,course_55 course_72 course_54
area_3,school_350,course_89 course_55 course_2
area_3,school_257,course_6 course_44 course_46
area_4,school_176,course_78
area_2,school_313,course_9
area_1,school_231,course_6
area_1,school_181,course_49 course_52 course_33
area_4,school_65,course_48
area_2,school_79,course_19 course_44
area_1,school_292,course_40 course_39 course_79
area_2,school_206,course_21 course_54
area_2,school_227,course_65 course_68
area_2,school_75,course_49 course_19 course_75
area_4,school_358,course_57
area_2,school_197,course_39
area_3,school_200,course_22 course_81
area_1,school_95,course_91 course_90 course_73
area_3,school_236,course_34 course_59
area_1,school_224,course_3 course_7
area_2,school_52,course_85
area_3,school_137,course_20
area_3,school_59,course_68 course_51 course_69
area_1,school_145,course_52
area_3,school_59,course_10 course_53 course_19
area_3,school_179,course_15 course_80
area_4,school_325,course_92 course_20
area_3,school_342,course_17 course_60 course_69
area_4,school_70,course_64 course_85
area_2,school_240,course_100
area_2,school_161,course_84 course_22 course_44
area_3,school_143,course_37 course_84 course_19
area_3,school_17,course_9 course_57
area_2,school_134,course_52
area_2,school_13,course_2 course_16 course_14
area_3,school_350,course_11
area_4,school_238,course_54
area_3,school_93,course_77
area_3,school_59,course_14
area_4,school_169,course_59 course_80 course_14
area_3,school_271,course_55 course_10
area_4,school_9,course_33 course_64 course_91
area_3,school_118,course_67 course_42 course_5
area_4,school_37,course_32 course_53 course_36
area_4,school_132,course_7 course_74
area_2,school_186,course_70 course_20 course_31
area_1,school_142,course_82 course_56 course_43
area_4,school_37,course_48 course_89
area_3,school_120,course_37 course_16 course_82
area_3,school_269,course_17 course_67 course_98
area_3,school_323,course_62 course_96
area_1,school_252,course_53 course_9 course_77
area_3,school_236,course_16 course_73
area_3,school_336,course_88 course_52 course_64
area_2,school_162,course_74
area_2,school_174,course_26 course_81 course_10
area_3,school_239,course_74 course_67 course_54
area_2,school_356,course_85
area_4,school_9,course_5 course_77
area_2,school_220,course_1 course_6 course_95
area_4,school_9,course_36
area_4,school_177,course_66
area_2,school_229,course_84
area_3,school_68,course_71 course_63 course_79
area_1,school_364,course_11 course_9
area_2,school_52,course_67 course_24 course_64
area_3,school_271,course_52
area_3,school_189,course_74 course_43
area_2,school_220,course_32 course_89 course_86
area_2,school_294,course_50 course_20
area_4,school_275,course_28 course_51
area_3,school_314,course_8 course_15
area_3,school_68,course_23
area_4,school_316,course_87 course_99 course_6
area_3,school_236,course_70 course_86 course_48
area_1,school_185,course_77
area_2,school_268,course_44 course_82 course_95
area_3,school_35,course_85 course_40 course_99
area_3,school_117,course_46 course_68 course_23
area_3,school_182,course_61 course_76 course_51
area_3,school_156,course_46 course_77
area_3,school_82,course_39 course_75
area_3,school_314,course_93 course_84 course_10
area_2,school_109,course_58
area_1,school_183,course_8 course_79
area_3,school_163,course_17
area_3,school_322,course_18
area_3,school_118,course_55 course_6 course_30
area_3,school_137,course_52
area_4,school_299,course_16
area_3,school_25,course_34
area_3,school_147,course_85 course_68 course_96
area_4,school_4,course_25
area_2,school_77,course_51 course_50 course_93
area_1,school_353,course_98 course_26
area_3,school_219,course_64
area_2,school_52,course_49 course_69 course_71
area_3,school_165,course_63
area_4,school_43,course_26
area_4,school_346,course_57
area_4,school_169,course_18 course_60 course_34
area_4,school_41,course_39 course_38
area_2,school_251,course_76 course_84 course_53
area_4,school_4,course_7 course_29
area_3,school_298,course_4
area_3,school_179,course_15
area_2,school_220,course_1 course_49 course_35
area_3,school_323,course_81 course_70
area_1,school_310,course_99 course_100 course_97
area_1,school_181,course_14 course_52
area_4,school_83,course_37 course_15
area_3,school_298,course_5
area_2,school_28,course_98
area_4,school_300,course_47 course_48 course_26
area_3,school_273,course_10 course_87 course_68
area_3,school_24,course_78 course_34 course_27
area_3,school_116,course_14 course_56 course_91
area_3,school_96,course_67
area_2,school_251,course_80 course_3 course_49
area_2,school_171,course_66 course_39
area_2,school_111,course_8
area_4,school_157,course_43 course_26
area_4,school_4,course_9 course_81 course_13
area_3,school_333,course_14
area_3,school_357,course_19 course_94 course_56
area_4,school_9,course_30
area_2,school_230,course_81 course_64
area_2,school_98,course_80 course_99
area_4,school_128,course_77 course_95 course_94
area_2,school_89,course_55 course_95 course_4
area_3,school_120,course_40 course_18
area_1,school_159,course_53 course_35
area_4,school_355,course_14
area_2,school_313,course_55 course_96
area_3,school_24,course_54
area_3,school_314,course_84
area_4,school_238,course_42
area_2,school_351,course_99 course_34
area_2,school_33,course_41 course_25 course_51
area_2,school_268,course_52
area_3,school_269,course_25
area_1,school_364,course_68 course_74
area_3,school_336,course_73 course_40 course_53
area_3,school_352,course_99
area_1,school_292,course_84
area_3,school_342,course_8 course_20
area_2,school_21,course_30
area_2,school_28,course_1
area_2,school_217,course_81 course_29
area_2,school_251,course_53
area_3,school_47,course_72 course_93 course_14
area_3,school_27,course_5 course_54
area_4,school_41,course_56 course_48
area_2,school_361,course_97
area_3,school_66,course_57 course_91
area_2,school_56,course_55 course_46 course_53
area_3,school_314,course_85
area_2,school_71,course_53
area_2,school_221,course_94 course_21
area_4,school_125,course_89 course_88 course_5
area_2,school_123,course_22 course_5 course_88
area_1,school_130,course_73 course_3
area_3,school_236,course_84 course_22 course_66
area_3,school_349,course_34 course_59
area_1,school_308,course_17 course_28 course_61
area_1,school_226,course_14
area_3,school_47,course_79 course_72 course_44
area_2,school_18,course_28 course_31 course_67
area_1,school_317,course_31 course_58
area_2,school_75,course_98 course_16
area_1,school_261,course_11 course_100 course_74
area_2,school_258,course_74 course_26 course_95
area_2,school_361,course_42
area_3,school_239,course_66
area_2,school_356,course_25
area_2,school_104,course_59 course_87
area_1,school_146,course_67
area_2,school_328,course_88 course_96 course_27
area_2,school_48,course_65 course_82 course_28
area_3,school_348,course_25 course_43
area_2,school_356,course_45
area_2,school_32,course_61 course_84
area_3,school_321,course_34 course_23 course_63
area_4,school_275,course_70 course_84 course_4
area_2,school_56,course_51
area_3,school_106,course_61 course_89
area_3,school_179,course_94 course_82
area_3,school_17,course_65 course_29
area_3,school_350,course_6 course_35
area_3,school_184,course_53
area_1,school_185,course_81 course_17 course_41
area_2,school_33,course_92
area_4,school_243,course_20 course_49
area_2,school_204,course_13
area_1,school_272,course_11 course_53 course_19
area_3,school_201,course_82 course_28 course_79
area_2,school_329,course_11 course_88
area_2,school_328,course_97
area_3,school_131,course_76 course_79 course_31
area_2,school_251,course_60 course_97 course_78
area_3,school_144,course_80 course_90 course_57
area_1,school_308,course_72
area_4,school_4,course_32 course_39
area_3,school_147,course_82
area_2,school_15,course_54 course_27 course_41
area_4,school_355,course_53 course_79
area_1,school_185,course_35
area_3,school_264,course_53 course_47
area_4,school_41,course_6 course_25
area_2,school_263,course_36 course_83
area_3,school_6,course_51
area_3,school_147,course_48 course_56 course_95
area_2,school_206,course_67
area_3,school_184,course_78 course_25
area_2,school_197,course_90 course_62 course_32
area_2,school_228,course_6
area_2,school_217,course_79
area_3,school_144,course_89 course_98
area_2,school_139,course_18 course_1 course_44
area_3,school_144,course_95
area_2,school_56,course_53 course_29 course_47
area_3,school_118,course_24 course_7 course_56
area_2,school_206,course_41 course_20 course_49
area_1,school_231,course_92 course_88
area_3,school_322,course_1 course_8 course_23
area_2,school_33,course_19 course_56
area_3,school_34,course_69
area_3,school_270,course_27
area_1,school_289,course_28
area_3,school_264,course_7 course_78 course_74
area_3,school_332,course_12
area_4,school_154,course_66 course_76 course_21
area_2,school_191,course_48 course_73
area_4,school_41,course_17 course_47
area_2,school_90,course_36 course_6 course_85
area_4,school_63,course_42 course_3
area_3,school_218,course_36
area_2,school_54,course_27
area_1,school_16,course_54 course_95
area_2,school_79,course_58
area_4,school_343,course_45
area_3,school_100,course_24 course_4 course_45
area_2,school_345,course_63
area_2,school_84,course_43
area_2,school_230,course_80 course_65 course_75
area_4,school_178,course_43 course_68
area_2,school_79,course_92 course_44
area_3,school_207,course_21
area_1,school_16,course_25 course_10 course_69
area_3,school_254,course_81 course_2 course_69
area_1,school_16,course_21 course_12
area_3,school_59,course_14 course_66 course_86
area_3,school_270,course_19 course_12
area_4,school_9,course_46 course_76 course_43
area_4,school_213,course_8 course_61
area_1,school_353,course_97 course_94 course_36
area_4,school_160,course_71 course_87 course_64
area_2,school_98,course_7
area_3,school_338,course_1 course_76
area_3,school_167,course_31 course_21
area_4,school_247,course_98
area_4,school_105,course_88 course_38 course_27
area_4,school_41,course_28 course_29 course_26
area_2,school_162,course_1 course_44 course_13
area_3,school_298,course_2
area_3,school_93,course_76 course_72 course_86
area_2,school_206,course_57
area_2,school_186,course_3 course_76
area_1,school_310,course_62
area_2,school_242,course_83
area_3,school_93,course_36
area_4,school_305,course_56 course_1 course_85
area_3,school_239,course_21
area_3,school_225,course_58 course_17 course_32
area_4,school_277,course_8
area_2,school_318,course_81 course_31
area_3,school_338,course_51 course_77
area_2,school_170,course_29 course_58
area_3,school_114,course_43 course_16 course_48
area_3,school_46,course_43
area_1,school_260,course_69 course_93 course_70
area_2,school_29,course_8
area_4,school_60,course_37 course_9 course_41
area_1,school_159,course_55 course_33
area_4,school_346,course_10
area_1,school_353,course_15 course_96
area_3,school_100,course_10
area_3,school_35,course_23 course_19 course_85
area_3,school_175,course_6
area_4,school_305,course_14 course_86 course_99
area_3,school_219,course_83 course_15 course_89
area_1,school_95,course_1
area_4,school_343,course_96 course_33 course_31
area_4,school_176,course_85
area_4,school_346,course_14 course_75
area_2,school_77,course_80 course_39 course_84
area_3,school_338,course_50 course_18 course_42
area_3,school_211,course_40
area_3,school_6,course_15
area_2,school_294,course_74 course_75
area_2,school_79,course_6
area_2,school_341,course_1
area_3,school_31,course_57
area_1,school_185,course_31 course_30 course_70
area_1,school_317,course_95 course_1
area_2,school_217,course_36 course_29 course_26
area_2,school_107,course_9 course_6 course_87
area_3,school_118,course_1
area_2,school_5,course_61 course_53 course_89
area_3,school_337,course_7
area_2,school_168,course_79 course_83
area_4,school_141,course_50 course_42
area_2,school_262,course_77
area_3,school_49,course_22
area_4,school_19,course_62 course_98
area_2,school_57,course_61 course_58 course_51
area_1,school_190,course_52 course_22 course_13
area_4,school_19,course_34
area_2,school_71,course_98
area_3,school_78,course_98
area_3,school_257,course_28 course_95
area_4,school_325,course_71 course_62 course_95
area_3,school_11,course_30
area_1,school_145,course_62 course_13
area_4,school_132,course_48 course_4 course_20
area_2,school_221,course_40 course_69 course_30
area_3,school_64,course_18 course_74
area_4,school_19,course_44 course_42 course_98
area_3,school_59,course_50 course_45
area_2,school_294,course_2 course_71
area_2,school_172,course_66 course_60 course_89
area_4,school_274,course_22 course_43
area_2,school_303,course_3 course_83
area_3,school_209,course_14
area_3,school_215,course_3
area_2,school_366,course_48 course_84 course_30
area_4,school_276,course_69
area_4,school_355,course_83
area_3,school_55,course_90 course_56 course_6
area_2,school_304,course_75
area_2,school_139,course_60
area_4,school_305,course_99
area_1,school_202,course_10
area_3,school_254,course_74 course_30
area_2,school_171,course_19
area_3,school_280,course_92
area_2,school_318,course_29
area_1,school_146,course_24 course_87
area_4,school_76,course_96 course_14 course_45
area_1,school_292,course_88 course_81 course_60
area_2,school_22,course_10 course_61 course_80
area_2,school_50,course_51 course_72
area_3,school_326,course_42
area_1,school_353,course_43 course_65
area_2,school_340,course_84 course_81 course_36
area_2,school_251,course_4 course_43
area_3,school_363,course_69
area_3,school_337,course_30
area_2,school_152,course_45
area_4,school_19,course_37 course_63 course_21
area_1,school_190,course_98
area_1,school_142,course_28
area_2,school_251,course_63
area_4,school_154,course_20
area_3,school_66,course_82 course_25 course_15
area_4,school_76,course_59
area_1,school_364,course_10 course_73
area_4,school_141,course_31
area_3,school_241,course_41 course_75
area_4,school_113,course_62 course_10
area_3,school_110,course_9 course_91
area_2,school_351,course_85
area_1,school_181,course_80
area_3,school_55,course_60 course_85
area_3,school_298,course_6 course_94
area_1,school_319,course_85 course_40 course_17
area_3,school_218,course_19 course_63 course_11
area_2,school_74,course_38 course_74 course_84
area_2,school_112,course_60 course_45 course_16
area_2,school_139,course_37
area_2,school_262,course_97 course_99 course_50
area_2,school_304,course_67 course_8
area_4,school_316,course_54 course_100
area_4,school_60,course_33 course_86
area_2,school_48,course_18 course_74
area_3,school_334,course_47 course_31 course_2
area_2,school_134,course_11
area_2,school_135,course_85 course_52 course_94
area_2,school_223,course_89 course_61
area_2,school_340,course_82
area_2,school_204,course_66 course_79 course_50
area_4,school_76,course_35
area_2,school_92,course_49 course_70
area_4,school_37,course_64
area_3,school_24,course_96
area_3,school_350,course_3
area_3,school_175,course_78
area_4,school_113,course_27
area_4,school_277,course_75
area_4,school_23,course_93
area_4,school_358,course_31 course_96
area_1,school_119,course_17 course_9
area_3,school_234,course_7
area_3,school_350,course_68 course_69
area_2,school_161,course_19
area_3,school_298,course_31 course_51
area_2,school_74,course_50 course_1 course_4
area_1,school_95,course_34
area_3,school_24,course_31 course_20 course_18
area_3,school_208,course_7
area_4,school_113,course_54
area_4,school_238,course_27
area_2,school_311,course_16 course_43
area_2,school_191,course_95 course_82 course_11
area_3,school_149,course_57 course_3 course_43
area_2,school_303,course_88 course_4
area_4,school_300,course_84 course_38 course_100
area_4,school_199,course_89 course_49 course_46
area_2,school_221,course_85 course_14 course_19
area_3,school_102,course_20 course_35
area_1,school_252,course_57
area_3,school_222,course_43 course_50 course_96
area_1,school_145,course_99
area_4,school_60,course_53 course_94 course_30
area_1,school_16,course_73
area_1,school_127,course_33 course_84 course_18
area_2,school_54,course_94
area_1,school_292,course_26 course_43
area_2,school_50,course_87 course_51 course_45
area_3,school_234,course_34 course_51 course_89
area_4,school_277,course_87
area_2,school_220,course_66 course_75
area_3,school_324,course_47 course_15 course_72
area_3,school_348,course_83 course_49 course_26
area_3,school_200,course_73 course_11 course_57
area_3,school_24,course_80 course_6
area_3,school_359,course_40 course_69 course_47
area_2,school_172,course_19
area_1,school_129,course_59
area_3,school_218,course_13
area_2,school_52,course_66 course_58 course_70
area_3,school_140,course_19
area_1,school_362,course_38 course_82
area_3,school_333,course_30 course_84
area_4,school_105,course_38
area_4,school_285,course_37
area_3,school_219,course_35
area_2,school_356,course_67 course_62 course_9
area_3,school_182,course_63 course_58 course_91
area_3,school_137,course_55
area_4,school_65,course_14 course_37 course_60
area_4,school_154,course_9 course_41 course_75
area_3,school_215,course_62
area_4,school_213,course_54
area_1,school_231,course_78
area_3,school_55,course_70 course_22
area_3,school_182,course_13 course_18 course_78
area_2,school_220,course_26 course_93 course_34
area_3,school_164,course_63 course_9 course_76
area_3,school_323,course_79
area_1,school_10,course_97
area_3,school_35,course_63 course_77 course_91
area_2,school_75,course_84 course_40 course_98
area_4,school_37,course_52 course_34 course_77
area_4,school_247,course_67 course_7
area_2,school_361,course_37 course_24
area_1,school_365,course_42
area_3,school_270,course_72 course_64
area_2,school_79,course_93
area_3,school_280,course_78 course_34
area_3,school_363,course_4 course_83
area_3,school_215,course_20 course_28
area_4,school_9,course_12 course_3 course_21
area_2,school_171,course_75
area_4,school_60,course_67 course_39
area_4,school_83,course_32 course_75 course_77
area_2,school_107,course_48
area_3,school_120,course_17 course_21 course_45
area_2,school_341,course_40 course_94
area_3,school_239,course_11 course_23 course_46
area_2,school_193,course_70 course_48
area_2,school_206,course_17 course_66
area_2,school_84,course_73
area_2,school_56,course_13 course_63 course_47
area_3,school_49,course_52
area_2,school_331,course_73 course_60
area_3,school_155,course_53
area_2,school_62,course_27 course_14 course_42
area_2,school_98,course_76 course_44
area_2,school_15,course_60
area_3,school_81,course_75
area_4,school_138,course_67
area_3,school_233,course_96 course_95
area_2,school_74,course_25 course_89 course_97
area_2,school_87,course_37 course_43 course_60
area_3,school_11,course_25
area_2,school_329,course_73
area_3,school_363,course_56 course_8 course_28
area_4,school_70,course_72
area_4,school_346,course_31 course_69
area_1,school_288,course_37 course_43 course_78
area_1,school_308,course_88 course_94
area_2,school_229,course_17 course_9
area_2,school_44,course_56 course_94
area_3,school_66,course_16 course_36
area_2,school_230,course_88 course_98
area_3,school_45,course_79 course_95
area_2,school_48,course_77 course_4
area_4,school_150,course_91
area_2,school_54,course_19
area_3,school_218,course_69 course_66
area_1,school_365,course_69 course_19
area_4,school_213,course_10 course_96
area_2,school_340,course_22
area_3,school_257,course_27
area_1,school_364,course_84 course_24
area_4,school_148,course_37
area_4,school_293,course_91
area_2,school_242,course_51
area_2,school_92,course_38
area_3,school_349,course_27 course_18
area_2,school_62,course_31 course_22 course_75
